<manifest><control namespace="TimePickerComp" constructor="TimePickerComp" version="0.0.8" display-name-key="TimePickerComp" description-key="TimePickerComp description" control-type="standard" api-version="1.3.2"><external-service-usage enabled="false" /><property name="Label" display-name-key="Property_Display_Key" description-key="Property_Desc_Key" of-type="SingleLine.Text" usage="bound" required="true" default-value="Date And Time Picker" /><property name="dateProperty" display-name-key="Property_Date_Display_Key" description-key="Property_Date_Desc_Key" of-type="DateAndTime.DateAndTime" usage="bound" /><property name="TimePickerMinuteStepper" display-name-key="TimePicker_Minute_Stepper" description-key="Time_Picker_Stepper_Desck_Key" of-type="Whole.None" usage="bound" default-value="15" /><property name="PrimaryColor" display-name-key="Property_PR_Display_Key" description-key="Property_PR_Desc_Key" of-type="SingleLine.Text" usage="bound" required="true" default-value="#4287f5" /><property name="SecondaryColor" display-name-key="Property_SR_Display_Key" description-key="Property_SR_Desc_Key" of-type="SingleLine.Text" usage="bound" required="true" default-value="#ffffff" /><property name="Dialog" display-name-key="Property_Dialog" description-key="Property_Desc_Dialog" of-type="TwoOptions" usage="bound" required="true"><value name="Entity" display-name-key="Entity" description-key="Entity names" default="true">dialog</value><value name="Attribute" display-name-key="Attribute" description-key="Attributes for an entity">inline</value></property><resources><code path="bundle.js" order="1" /></resources><built-by name="pac" version="1.9.4" /></control></manifest>